"","baseMean","log2FoldChange","lfcSE","pvalue","padj","SYMBOL","ENTREZID","GO","PATH","UNIPROT","ENZYME"
"ENSG00000235896.2",75.6834146218731,8.29828093503132,1.21634820283391,3.78713763808175e-13,1.94684992788009e-10,NA,NA,NA,NA,NA,NA
"ENSG00000211611.2",173.44864983779,8.05893251845117,1.17595567505901,3.58883730202615e-13,1.91079951780735e-10,NA,NA,NA,NA,NA,NA
"ENSG00000242371.1",2573.56467291211,8.04271061069089,0.95199673434325,1.56016799395366e-18,3.87649740897687e-15,NA,NA,NA,NA,NA,NA
"ENSG00000211619.2",116.385720813033,8.04014804405467,1.24256622539201,4.81821042545575e-12,1.91546349393851e-09,NA,NA,NA,NA,NA,NA
"ENSG00000253274.1",93.7021269372563,8.00672355987523,1.14116163766499,1.17961424704521e-13,7.48327199785106e-11,NA,NA,NA,NA,NA,NA
"ENSG00000240834.1",294.213440599179,7.93487245327165,1.00781156367926,1.92781789577684e-16,2.61271901729465e-13,NA,NA,NA,NA,NA,NA
"ENSG00000222037.5",997.939884800053,7.88954358594784,0.9608480398228,1.27234430050912e-17,2.70972983314142e-14,NA,NA,NA,NA,NA,NA
"ENSG00000211593.2",3005.13820092148,7.87601610863528,0.800233848341619,4.46083386897794e-24,6.65021113187231e-20,NA,NA,NA,NA,NA,NA
"ENSG00000251546.1",190.287190236123,7.81915191901572,0.966768964931405,3.67719345798379e-17,6.8524500089528e-14,NA,NA,NA,NA,NA,NA
"ENSG00000211937.2",1281.97573051768,7.74199383960505,0.976217806092877,1.38506856088408e-16,2.06486021056598e-13,NA,NA,NA,NA,NA,NA
"ENSG00000211972.2",82.7291794161461,7.5639005431652,1.13222676365296,1.63615656030136e-12,6.80821450909649e-10,NA,NA,NA,NA,NA,NA
"ENSG00000240864.1",594.574631622248,7.51802041402644,0.829311902849048,9.33669692960329e-21,9.27943185510172e-17,NA,NA,NA,NA,NA,NA
"ENSG00000211946.2",138.020029367083,7.46257513358806,1.03291354256782,3.76301183566769e-14,2.64455828464814e-11,NA,NA,NA,NA,NA,NA
"ENSG00000241294.1",451.587552002342,7.42490613095714,1.08280513681771,5.33726435269985e-13,2.56670764419514e-10,NA,NA,NA,NA,NA,NA
"ENSG00000211965.2",392.022696941899,7.32637543228249,0.840158761182656,2.35351818325161e-19,1.01806106991816e-15,NA,NA,NA,NA,NA,NA
"ENSG00000211640.3",947.164062386064,7.25830461594476,1.00808428371117,5.16169320491243e-14,3.49775101358338e-11,NA,NA,NA,NA,NA,NA
"ENSG00000243063.1",89.641309941098,7.24460183224965,1.05184167345881,4.8664483570772e-13,2.3786561346658e-10,NA,NA,NA,NA,NA,NA
"ENSG00000211905.1",48.0512869328197,7.23163670106708,0.966032059636649,6.25129054223405e-15,5.29759452081734e-12,NA,NA,NA,NA,NA,NA
"ENSG00000224373.2",2570.62356195826,7.21919687621597,1.01938914064781,1.24749485884568e-13,7.65740777463935e-11,NA,NA,NA,NA,NA,NA
"ENSG00000211947.2",1012.80155832231,7.05743401331968,0.817469341941655,6.01166556195358e-19,1.79243820395208e-15,NA,NA,NA,NA,NA,NA
"ENSG00000211674.2",107.012169198523,7.03860482901796,0.938537741216397,6.39634433691388e-15,5.29759452081734e-12,NA,NA,NA,NA,NA,NA
"ENSG00000211935.2",530.094629355068,7.02297975600325,1.00416310893712,2.66220810278088e-13,1.52646916908682e-10,NA,NA,NA,NA,NA,NA
"ENSG00000211649.2",333.172270814353,7.0073748854969,1.07584660796026,7.27261139902861e-12,2.78000232658253e-09,NA,NA,NA,NA,NA,NA
"ENSG00000240382.1",666.076308702395,7.00628708784639,0.873075650453922,1.04862279971586e-16,1.64556512612252e-13,NA,NA,NA,NA,NA,NA
"ENSG00000223648.2",99.4361195895844,6.97401931676436,1.07817835628333,1.00063045883207e-11,3.77655667854897e-09,NA,NA,NA,NA,NA,NA
"ENSG00000239819.1",61.4597087739351,6.93233087071867,1.02832317783586,1.64405501963693e-12,6.80821450909649e-10,NA,NA,NA,NA,NA,NA
"ENSG00000211930.1",20.3178000024597,6.92824447231283,1.19672765678199,7.09712678548354e-10,1.76339943529981e-07,NA,NA,NA,NA,NA,NA
"ENSG00000211673.2",2166.82519592595,6.92320224905935,0.928595221828805,9.62338799502872e-15,7.55081411736253e-12,NA,NA,NA,NA,NA,NA
"ENSG00000239855.1",540.165376081493,6.87254183125976,0.923695670840751,1.11619180309366e-14,8.53342943616427e-12,NA,NA,NA,NA,NA,NA
"ENSG00000211662.2",2059.08992777048,6.85862565839991,0.875282022918764,5.26176472685944e-16,6.53686571233504e-13,NA,NA,NA,NA,NA,NA
"ENSG00000211934.2",1476.65562622715,6.85367854160687,0.850020086084007,8.48075837194327e-17,1.40479050898811e-13,NA,NA,NA,NA,NA,NA
"ENSG00000211660.3",2500.0428903694,6.84156653483745,0.781802688808691,2.4531869133499e-19,1.01806106991816e-15,NA,NA,NA,NA,NA,NA
"ENSG00000211670.2",211.038128386205,6.83843265558973,1.03787183798438,4.9112104437242e-12,1.92674540250106e-09,NA,NA,NA,NA,NA,NA
"ENSG00000211668.2",1742.56591931056,6.81712832811028,0.686045279182306,3.4369758921998e-24,6.65021113187231e-20,NA,NA,NA,NA,NA,NA
"ENSG00000211941.2",758.629492385954,6.81378051159736,0.876644873126916,8.93641673521297e-16,1.06579280550844e-12,NA,NA,NA,NA,NA,NA
"ENSG00000211904.2",143.988542895827,6.77403602079983,1.07787621245716,3.75469773422465e-11,1.20376416821121e-08,NA,NA,NA,NA,NA,NA
"ENSG00000211594.2",3334.73089520956,6.77378224418047,0.770879646558078,1.86018681717099e-19,1.01806106991816e-15,NA,NA,NA,NA,NA,NA
"ENSG00000239975.1",43.2096820492854,6.74685708828511,1.15086250643943,5.18836850789199e-10,1.35698592483603e-07,NA,NA,NA,NA,NA,NA
"ENSG00000211666.2",4425.4058212031,6.71144557680356,0.782714006315462,1.24998422381664e-18,3.38813905611973e-15,NA,NA,NA,NA,NA,NA
"ENSG00000244575.1",433.552887876775,6.68498462282067,0.930241901944629,8.28963785684963e-14,5.49252982977397e-11,NA,NA,NA,NA,NA,NA
"ENSG00000211945.2",1366.40488445571,6.66758691895376,0.799088714976037,9.24962874815641e-18,2.12143792888486e-14,NA,NA,NA,NA,NA,NA
"ENSG00000211653.2",4024.18139126489,6.61879733086682,0.866314974407725,2.84537188816758e-15,2.82792027392015e-12,NA,NA,NA,NA,NA,NA
"ENSG00000211953.2",2145.72817572563,6.61705233351258,0.807350500960023,3.2957422317799e-17,6.55105669218329e-14,NA,NA,NA,NA,NA,NA
"ENSG00000231475.2",901.786845694828,6.58907139968586,0.968201242444607,1.31917559973237e-12,5.61893424023146e-10,NA,NA,NA,NA,NA,NA
"ENSG00000243290.1",1176.23803859104,6.58289341637758,0.82381402495833,1.81106460722004e-16,2.57136677756537e-13,NA,NA,NA,NA,NA,NA
"ENSG00000211644.2",3059.80519874166,6.54730686152058,0.747426993904254,2.7315832302607e-19,1.01806106991816e-15,NA,NA,NA,NA,NA,NA
"ENSG00000242472.1",279.549567745855,6.54347087828109,0.848107015084075,1.66113108144942e-15,1.76886729730342e-12,NA,NA,NA,NA,NA,NA
"ENSG00000211939.2",344.63634782334,6.5352354498976,0.849068663872384,1.92840361781902e-15,1.98266490582385e-12,NA,NA,NA,NA,NA,NA
"ENSG00000211896.2",209578.062020941,6.51772676878249,0.749758447706587,5.01183731887408e-19,1.66036601666166e-15,NA,NA,NA,NA,NA,NA
"ENSG00000271288.1",108.929839810523,6.48623554214296,1.14365575515476,1.8752795458539e-09,4.54579958855121e-07,NA,NA,NA,NA,NA,NA
"ENSG00000211900.2",614.56949259451,6.46187552361642,0.793296370379192,5.50849380677811e-17,9.66125007899388e-14,NA,NA,NA,NA,NA,NA
"ENSG00000241351.1",3806.73513592902,6.45704314067263,0.872446746257965,1.95084851681249e-14,1.45416248443203e-11,NA,NA,NA,NA,NA,NA
"ENSG00000242076.1",555.358030517574,6.43104191124024,0.879344435051604,3.81392561845553e-14,2.64455828464814e-11,NA,NA,NA,NA,NA,NA
"ENSG00000211648.2",1970.23702205928,6.40032146062299,0.934381432116611,1.09168138883432e-12,4.85814511783343e-10,NA,NA,NA,NA,NA,NA
"ENSG00000211685.2",836.081369230286,6.38010100863338,0.891873857941853,1.27326405881653e-13,7.65740777463935e-11,NA,NA,NA,NA,NA,NA
"ENSG00000211973.2",3548.3928349243,6.33369574675558,0.9838946193753,1.84671811669108e-11,6.28154556591982e-09,NA,NA,NA,NA,NA,NA
"ENSG00000254395.1",92.4352409050065,6.31429335351551,0.985662462868605,2.29221135237057e-11,7.59384152025344e-09,NA,NA,NA,NA,NA,NA
"ENSG00000211676.2",35.2407214341134,6.30242047594992,0.967230491972958,1.12159655678033e-11,4.18019036712028e-09,NA,NA,NA,NA,NA,NA
"ENSG00000241566.1",13.8016590416854,6.27662893055018,1.14178065794569,5.70303805159499e-09,1.25956875960264e-06,NA,NA,NA,NA,NA,NA
"ENSG00000254709.2",108.431276387485,6.27029420326239,0.898263690369764,4.71993599660026e-13,2.34549352791056e-10,"IGLL5","100423062","GO:0070062",NA,"B9A064",NA
"ENSG00000211976.2",155.575210278322,6.19598850695983,0.84005719027823,2.76793520250016e-14,2.01289648774987e-11,NA,NA,NA,NA,NA,NA
"ENSG00000211949.2",3600.25989264748,6.19555848967669,0.899666833652583,9.57537164265557e-13,4.32574668026392e-10,NA,NA,NA,NA,NA,NA
"ENSG00000254030.1",27.3180478378226,6.19175896186294,1.01724772610278,1.88358814383902e-10,5.10555128151857e-08,NA,NA,NA,NA,NA,NA
"ENSG00000241755.1",1105.70775615946,6.18904232468283,0.88021298135056,3.45215083095959e-13,1.87144234865256e-10,NA,NA,NA,NA,NA,NA
"ENSG00000239862.1",20.320693488828,6.18893915346101,0.983984787702735,5.25348853247214e-11,1.6488212008862e-08,NA,NA,NA,NA,NA,NA
"ENSG00000211942.2",175.103408334482,6.14862190804588,1.03412712718836,4.5872784956614e-10,1.21039199669593e-07,NA,NA,NA,NA,NA,NA
"ENSG00000253818.1",51.8265706138378,6.14478040301091,1.36106922268381,4.91562189375325e-07,7.92238823698092e-05,NA,NA,NA,NA,NA,NA
"ENSG00000211956.2",793.592732700231,6.14391596555406,0.788420841999398,1.154284786229e-15,1.32369827639246e-12,NA,NA,NA,NA,NA,NA
"ENSG00000253209.1",14.938812011133,6.14033771977487,1.09807400572937,3.65487400495348e-09,8.31860483448038e-07,NA,NA,NA,NA,NA,NA
"ENSG00000253131.1",16.5185565679207,6.1378702844457,1.11948718540776,6.72033140056825e-09,1.47333383117164e-06,NA,NA,NA,NA,NA,NA
"ENSG00000211625.2",242.608805204649,6.12194805527114,0.892428583123107,1.20540009871065e-12,5.20872599176184e-10,NA,NA,NA,NA,NA,NA
"ENSG00000211671.2",1687.00156458549,6.11880545831809,0.878022671524529,5.6142584454312e-13,2.65705920331709e-10,NA,NA,NA,NA,NA,NA
"ENSG00000211669.2",364.145295523297,6.1053720445266,0.956688328234143,3.0494834410598e-11,9.88297807376511e-09,NA,NA,NA,NA,NA,NA
"ENSG00000225972.1",2239.40541102396,6.09957917516887,1.00021711763776,1.85448314608845e-10,5.07277701685992e-08,NA,NA,NA,NA,NA,NA
"ENSG00000228325.3",17.6466496711625,6.09529003191671,0.985614497128976,1.08577194794416e-10,3.20528479206961e-08,NA,NA,NA,NA,NA,NA
"ENSG00000211923.1",15.6521030353129,6.08422401612708,0.994458622012166,1.65397381524404e-10,4.56619289586263e-08,NA,NA,NA,NA,NA,NA
"ENSG00000253234.1",27.6387106573929,6.07936488022061,0.985145995039765,1.19126250337484e-10,3.41525796159849e-08,NA,NA,NA,NA,NA,NA
"ENSG00000237127.1",11.7976941973563,6.0695697550447,1.403793312867,8.85169392142111e-07,0.000136042322660357,NA,NA,NA,NA,NA,NA
"ENSG00000239951.1",8170.92572552144,6.06090606522306,0.777800217240561,1.21523903793795e-15,1.34198396870955e-12,NA,NA,NA,NA,NA,NA
"ENSG00000270472.1",13.2891529814532,6.04452856569088,0.982391679722044,1.36304048373134e-10,3.8705157202794e-08,NA,NA,NA,NA,NA,NA
"ENSG00000211895.3",88379.0283935788,6.03899968946151,0.7889490486804,3.6243567102974e-15,3.48592966691056e-12,NA,NA,NA,NA,NA,NA
"ENSG00000211663.2",1668.60417025146,6.03349568296369,0.836101703306708,9.93105080689209e-14,6.43704806213683e-11,NA,NA,NA,NA,NA,NA
"ENSG00000259337.4",14.5893162116196,6.02312589433101,1.12289778246309,1.36633180729554e-08,2.80955511491888e-06,NA,NA,NA,NA,NA,NA
"ENSG00000211951.2",254.793781427241,6.02063090246398,0.960095185130928,6.55264953133654e-11,1.99361018802378e-08,NA,NA,NA,NA,NA,NA
"ENSG00000211652.2",209.085068118714,6.00924355221113,0.97950077364786,1.55642875641724e-10,4.37796979257891e-08,NA,NA,NA,NA,NA,NA
"ENSG00000253441.1",19.7640616161702,5.99707246272985,1.31459750091058,4.55301149082301e-07,7.41817435029392e-05,NA,NA,NA,NA,NA,NA
"ENSG00000244437.1",2149.73188218582,5.97653758676199,0.837822000878184,1.87719426409052e-13,1.09745929761025e-10,NA,NA,NA,NA,NA,NA
"ENSG00000224607.3",40.0261207386684,5.95913281786773,0.963874649004281,1.19010815285209e-10,3.41525796159849e-08,NA,NA,NA,NA,NA,NA
"ENSG00000244116.1",1145.84095848851,5.95569835403552,0.85434252921226,6.08155591804485e-13,2.83324486331914e-10,NA,NA,NA,NA,NA,NA
"ENSG00000211638.2",530.353555688147,5.93006540113208,1.03216397114834,1.71843622380651e-09,4.21113108874975e-07,NA,NA,NA,NA,NA,NA
"ENSG00000211639.2",105.404552898462,5.92406349042228,1.14249326224126,3.61868860790937e-08,7.01645109986901e-06,NA,NA,NA,NA,NA,NA
"ENSG00000253755.1",5101.70349483443,5.92300144737831,0.886886668526515,4.72564939613943e-12,1.90405354588234e-09,NA,NA,NA,NA,NA,NA
"ENSG00000211632.2",42.46903677392,5.89978121536163,0.934335818607969,5.31957108797893e-11,1.65217012040812e-08,NA,NA,NA,NA,NA,NA
"ENSG00000242534.2",55.4102374474068,5.89705113478159,1.08184472317731,9.21617208960049e-09,1.94886090087609e-06,NA,NA,NA,NA,NA,NA
"ENSG00000132465.6",9331.26391248313,5.89058694486094,0.649617521977205,2.51585872468683e-20,1.87532109338157e-16,"JCHAIN","3512","GO:0001895",NA,"P01591",NA
"ENSG00000211651.2",1275.44276055383,5.86503735107253,0.835790704158363,4.61120820263478e-13,2.33030141982642e-10,NA,NA,NA,NA,NA,NA
"ENSG00000211959.2",1981.53865761438,5.86384611832087,0.864117787135851,2.34108563103669e-12,9.56189166780686e-10,NA,NA,NA,NA,NA,NA
"ENSG00000211655.2",136.184699255671,5.85317447339545,0.991601492700414,7.07585638779741e-10,1.76339943529981e-07,NA,NA,NA,NA,NA,NA
"ENSG00000259261.2",178.017008801107,5.84603373400349,1.06227499694308,7.12352151127827e-09,1.53909360420488e-06,NA,NA,NA,NA,NA,NA
"ENSG00000211950.2",708.36159354751,5.84369221235634,1.0824476608013,1.26005675629213e-08,2.62726239479764e-06,NA,NA,NA,NA,NA,NA
"ENSG00000211890.3",8580.21238989338,5.82768516981382,0.765340402567558,5.57719327631971e-15,4.89087043313966e-12,NA,NA,NA,NA,NA,NA
"ENSG00000270356.1",20.6689600585815,5.82457851734487,1.02323684008959,2.48271118193806e-09,5.82870209454057e-07,NA,NA,NA,NA,NA,NA
"ENSG00000211952.2",58.3116087290358,5.81775530982112,0.844079873655014,1.14579697730755e-12,5.02398274638265e-10,NA,NA,NA,NA,NA,NA
"ENSG00000243466.1",4696.56818586937,5.8046887399517,0.768172347977335,8.82926112798555e-15,7.11495269708155e-12,NA,NA,NA,NA,NA,NA
"ENSG00000211667.2",57.2834484247624,5.79996840429775,1.12246705202051,4.23818086295456e-08,8.04876437005434e-06,NA,NA,NA,NA,NA,NA
"ENSG00000254046.1",14.8833973877913,5.76979755838339,0.968499455993308,5.33381758378669e-10,1.38289656589725e-07,NA,NA,NA,NA,NA,NA
"ENSG00000253957.1",11.6805060711211,5.75478984272024,1.04374868693235,7.08830492209766e-09,1.53909360420488e-06,NA,NA,NA,NA,NA,NA
"ENSG00000271178.1",22.3547019071007,5.75450230426911,1.36111482171472,1.30030713279411e-06,0.00019193048253163,NA,NA,NA,NA,NA,NA
"ENSG00000224041.2",187.094282988261,5.74621425802415,0.96581980773313,5.66998670328819e-10,1.45738209952794e-07,NA,NA,NA,NA,NA,NA
"ENSG00000232216.1",165.243443966297,5.73923051716161,0.923397341128961,1.09695294087801e-10,3.20654400835479e-08,NA,NA,NA,NA,NA,NA
"ENSG00000223350.2",175.919561522027,5.72856475088303,1.05260780162137,1.06268150733488e-08,2.23133181849977e-06,NA,NA,NA,NA,NA,NA
"ENSG00000254228.1",8.74375635320931,5.72250977789878,0.965358465330756,6.55178578512053e-10,1.65549190651825e-07,NA,NA,NA,NA,NA,NA
"ENSG00000271130.1",9.19300193539574,5.69981079910885,1.05565790814341,1.36061414989555e-08,2.80955511491888e-06,NA,NA,NA,NA,NA,NA
"ENSG00000225698.2",83.5301296108474,5.69597532077765,0.818954494940723,7.88480579534248e-13,3.61682107067587e-10,NA,NA,NA,NA,NA,NA
"ENSG00000211955.2",935.135411976696,5.69465204313813,0.871554865876322,1.42123793783587e-11,5.10549763307401e-09,NA,NA,NA,NA,NA,NA
"ENSG00000211637.2",546.476444873154,5.6837053059412,0.881182517759072,2.48848031554025e-11,8.15346473496132e-09,NA,NA,NA,NA,NA,NA
"ENSG00000253936.1",6.99040699879177,5.65522615313023,1.14567083827594,1.3242133864415e-07,2.40748453232559e-05,NA,NA,NA,NA,NA,NA
"ENSG00000211964.2",570.232248824704,5.64797776792455,0.799686253793237,3.76175645881229e-13,1.94684992788009e-10,NA,NA,NA,NA,NA,NA
"ENSG00000254174.1",14.030280038799,5.6475772906907,1.06091284184829,2.09077943658092e-08,4.21207295142546e-06,NA,NA,NA,NA,NA,NA
"ENSG00000251039.2",297.438601865922,5.62826939817473,1.0018530209811,4.24134399700288e-09,9.58029641019984e-07,NA,NA,NA,NA,NA,NA
"ENSG00000197476.2",11.0727911896632,5.5780136292844,1.00006609244623,5.46890281558536e-09,1.22602110037213e-06,NA,NA,NA,NA,NA,NA
"ENSG00000241244.1",78.2821031305676,5.56368444931174,1.12991552715708,1.45970292716831e-07,2.63772742281516e-05,NA,NA,NA,NA,NA,NA
"ENSG00000211940.2",881.980882457051,5.55686905752945,0.914066920109479,2.84388939793095e-10,7.57083984720617e-08,NA,NA,NA,NA,NA,NA
"ENSG00000188403.7",10.1137499799066,5.53350429983835,1.12502788583004,1.51572932757169e-07,2.72246901390828e-05,NA,NA,NA,NA,NA,NA
"ENSG00000211897.3",24005.9584223351,5.47596631272054,0.834470792334754,1.3246731959813e-11,4.87610568041708e-09,NA,NA,NA,NA,NA,NA
"ENSG00000243238.1",357.796111953257,5.45794726460426,0.767404002187313,2.91563336614717e-13,1.64023631028385e-10,NA,NA,NA,NA,NA,NA
"ENSG00000211979.2",29.7871042036107,5.43882305385828,1.29578367298997,1.58522234814907e-06,0.000228333282765279,NA,NA,NA,NA,NA,NA
"ENSG00000240041.1",660.334880527797,5.43768134326658,0.831716860586445,1.58945507371951e-11,5.64180862833584e-09,NA,NA,NA,NA,NA,NA
"ENSG00000253709.1",14.0584893790931,5.43613602785233,1.02289228754193,2.44721734245565e-08,4.83220081342104e-06,NA,NA,NA,NA,NA,NA
"ENSG00000242887.1",259.635321818805,5.43601569779381,0.86819618982242,9.65804367696805e-11,2.87964230272479e-08,NA,NA,NA,NA,NA,NA
"ENSG00000211957.2",20.3173109734117,5.43513822040847,1.08507577722568,1.07402035077428e-07,1.97672782584481e-05,NA,NA,NA,NA,NA,NA
"ENSG00000211958.2",12.2572919425512,5.43059272437196,0.946025098519484,2.33204136786712e-09,5.51842424002587e-07,NA,NA,NA,NA,NA,NA
"ENSG00000211672.2",23.3292878344469,5.3802157439756,0.993651621318377,1.48566149532116e-08,3.03400569482848e-06,NA,NA,NA,NA,NA,NA
"ENSG00000211595.2",1402.05251316534,5.37447187097167,0.848970408770756,6.39288826523299e-11,1.96505522181636e-08,NA,NA,NA,NA,NA,NA
"ENSG00000211961.2",39.4860555526428,5.36941240820349,1.00366704963962,2.10616774288202e-08,4.21459714240069e-06,NA,NA,NA,NA,NA,NA
"ENSG00000243264.1",123.870847289655,5.35114709648226,0.968607725339656,8.28258631386176e-09,1.7639542395293e-06,NA,NA,NA,NA,NA,NA
"ENSG00000253325.1",10.2523141248758,5.34160683779745,1.01817416289363,3.63663751055573e-08,7.01645109986901e-06,NA,NA,NA,NA,NA,NA
"ENSG00000211967.2",343.901448211113,5.33379477277758,0.834058903779972,4.29938080391081e-11,1.36372700052558e-08,NA,NA,NA,NA,NA,NA
"ENSG00000242766.1",30.4394578411094,5.28952592134327,1.27312949277747,1.84500149936407e-06,0.000261955070023996,NA,NA,NA,NA,NA,NA
"ENSG00000211968.2",53.4280250852878,5.28160718477583,1.20863878366665,1.09106049876811e-06,0.000165132283407461,NA,NA,NA,NA,NA,NA
"ENSG00000170476.11",1619.08693963671,5.27736379263587,0.659711566176907,3.54641513331691e-16,4.59738754847726e-13,"MZB1","51237","GO:0002642",NA,"Q8WU39",NA
"ENSG00000211664.2",133.534557621563,5.25319248903781,0.920135706285966,3.06196295660333e-09,7.02272980877576e-07,NA,NA,NA,NA,NA,NA
"ENSG00000229092.2",9.27294838049547,5.225379218137,1.06973661163424,2.00896471551293e-07,3.44248804354791e-05,NA,NA,NA,NA,NA,NA
"ENSG00000253763.1",12.8079799465957,5.2240389319122,1.05871365130353,1.63703583029746e-07,2.88815741515675e-05,NA,NA,NA,NA,NA,NA
"ENSG00000211630.2",97.9218828379533,5.21118862696354,1.18030765902529,9.90035512803855e-07,0.000150606626784488,NA,NA,NA,NA,NA,NA
"ENSG00000254326.1",19.1052720408195,5.19650799874147,1.54687846711957,7.93814023519534e-06,0.000966055466337079,NA,NA,NA,NA,NA,NA
"ENSG00000253742.1",24.0416467547974,5.1838639429554,0.973356878770237,2.61557110834171e-08,5.13064922146818e-06,NA,NA,NA,NA,NA,NA
"ENSG00000143297.14",1643.39392106733,5.14126024865677,0.668343595352958,4.35876409836236e-15,3.93820940475067e-12,"FCRL5","83416","GO:0005886",NA,"Q96RD9",NA
"ENSG00000240671.1",120.548839258966,5.13395689612175,0.975028247192537,3.6475379678015e-08,7.01645109986901e-06,NA,NA,NA,NA,NA,NA
"ENSG00000231486.3",287.138117923925,5.13282511719385,0.786498648791898,2.00334051682883e-11,6.71141582581668e-09,NA,NA,NA,NA,NA,NA
"ENSG00000211974.2",334.059592724905,5.09776806238923,0.973640857496658,4.30530354164765e-08,8.12448926568141e-06,NA,NA,NA,NA,NA,NA
"ENSG00000253705.1",17.8491473599199,5.0733903654991,1.06451046839176,3.38975626743194e-07,5.61494293720837e-05,NA,NA,NA,NA,NA,NA
"ENSG00000253545.1",7.56364450085745,5.04731180860978,1.01691887799843,1.56162019686473e-07,2.77150403510231e-05,NA,NA,NA,NA,NA,NA
"ENSG00000253128.1",12.2866730768456,5.01876648877316,1.14453920559195,1.14798332444983e-06,0.000172467408027472,NA,NA,NA,NA,NA,NA
"ENSG00000211678.2",281.630487064564,4.98982443709102,0.9852965299024,1.02466496895165e-07,1.89760314995418e-05,NA,NA,NA,NA,NA,NA
"ENSG00000225523.2",29.3659912357473,4.98323208700048,1.18251622408152,1.77840898968662e-06,0.000253708337016729,NA,NA,NA,NA,NA,NA
"ENSG00000211893.3",16826.3156835025,4.97852549606142,0.760227520811119,1.85395763952557e-11,6.28154556591982e-09,NA,NA,NA,NA,NA,NA
"ENSG00000105369.5",2236.12784873815,4.97272076613982,0.786009905046755,7.98502988886196e-11,2.40486516329604e-08,"CD79A","973","GO:0002250","04662","P11912",NA
"ENSG00000253448.1",5.06794083185953,4.9701738574785,1.13546850564149,1.19041667619679e-06,0.000177467318087418,NA,NA,NA,NA,NA,NA
"ENSG00000226777.3",439.445439474379,4.96514374146653,0.695985932613843,3.17222550424174e-13,1.7515384376754e-10,"FAM30A","9834",NA,NA,NA,NA
"ENSG00000270864.1",6.19640371124705,4.93290186125577,1.17496383204964,1.87243709509322e-06,0.000264590447522746,NA,NA,NA,NA,NA,NA
"ENSG00000223931.1",5.74041573490131,4.93165518742785,1.06865548337264,6.01615210053961e-07,9.54136122498346e-05,NA,NA,NA,NA,NA,NA
"ENSG00000211933.2",187.787025651366,4.90677393290363,0.788302976080065,1.58073039428572e-10,4.4047717229928e-08,NA,NA,NA,NA,NA,NA
"ENSG00000231331.1",6.03987566503617,4.89059375218543,1.42376145973746,7.73347064836303e-06,0.000948893666055934,NA,NA,NA,NA,NA,NA
"ENSG00000254176.1",5.49735547622437,4.88535605866249,1.20452998988864,2.59285740638417e-06,0.000354736494769037,NA,NA,NA,NA,NA,NA
"ENSG00000211943.2",674.813307720346,4.86947328343166,0.840661825232195,2.25930476078714e-09,5.38907445981034e-07,NA,NA,NA,NA,NA,NA
"ENSG00000211938.2",712.731843119858,4.84630000382375,0.829839800948618,1.72309495850372e-09,4.21113108874975e-07,NA,NA,NA,NA,NA,NA
"ENSG00000197794.2",14.0438470898704,4.8451620750564,1.0211986744588,3.98612284831698e-07,6.53023290359446e-05,NA,NA,NA,NA,NA,NA
"ENSG00000230709.1",10.389433477824,4.79210988258685,0.991928719509236,2.94629395867381e-07,4.93520790291114e-05,"LOC284191","284191",NA,NA,NA,NA
"ENSG00000211966.2",1510.70248862991,4.78071279189899,0.936144705812401,9.17837727992177e-08,1.71039060611342e-05,NA,NA,NA,NA,NA,NA
"ENSG00000236946.2",25.6633060869517,4.76063885769754,0.940518529633911,1.13707398733594e-07,2.07993852800052e-05,NA,NA,NA,NA,NA,NA
"ENSG00000253883.1",13.613128889053,4.74810865214099,1.02430386302569,5.97739199673901e-07,9.53058394517489e-05,NA,NA,NA,NA,NA,NA
"ENSG00000254098.1",20.9264493684689,4.72072056689748,1.03460964630437,7.58007774312604e-07,0.000117102382377744,NA,NA,NA,NA,NA,NA
"ENSG00000240040.1",20.141391883422,4.71051736383817,1.00337187007442,4.96443697135724e-07,7.95804584612836e-05,NA,NA,NA,NA,NA,NA
"ENSG00000211642.2",109.010819528368,4.70604357917993,1.41065247263031,9.38674783925888e-06,0.00111950109430137,NA,NA,NA,NA,NA,NA
"ENSG00000253132.1",10.0410033538841,4.69712574770856,1.44177249172094,1.05435803748155e-05,0.00124255886346047,NA,NA,NA,NA,NA,NA
"ENSG00000254056.1",14.3853014010295,4.67386683222561,0.953408678142232,2.32083753635481e-07,3.90949672225734e-05,NA,NA,NA,NA,NA,NA
"ENSG00000211679.2",5092.00926305537,4.65471755370139,0.80435493927746,2.55855497995436e-09,5.95983400643118e-07,NA,NA,NA,NA,NA,NA
"ENSG00000253152.1",3.3642926241101,4.65245372205146,1.35487426858503,8.20360375597494e-06,0.000990277933555259,NA,NA,NA,NA,NA,NA
"ENSG00000110777.7",2315.41954254091,4.59370005003965,0.631076995849671,1.2841105068821e-13,7.65740777463935e-11,"POU2AF1","5450","GO:0000978",NA,"Q16633",NA
"ENSG00000211970.2",290.91977854679,4.55658723727796,1.11285444636414,2.59365964112054e-06,0.000354736494769037,NA,NA,NA,NA,NA,NA
"ENSG00000253941.1",3.41631014669845,4.53845346342591,1.41958789379999,1.19092823972865e-05,0.00138166211656613,NA,NA,NA,NA,NA,NA
"ENSG00000250036.1",5.33370526996499,4.52492716196816,1.03671876266146,1.392351368906e-06,0.000203501707918144,NA,NA,NA,NA,NA,NA
"ENSG00000224650.2",480.738136144076,4.50321531644228,0.745543210223719,5.92446139707035e-10,1.50977556423119e-07,NA,NA,NA,NA,NA,NA
"ENSG00000253247.1",4.52210640447868,4.48799891903095,1.23337245102002,6.13058156639564e-06,0.000771263375458449,NA,NA,NA,NA,NA,NA
"ENSG00000211892.2",13753.2867650992,4.47923732558833,0.845264239449979,4.03395282980955e-08,7.71002163933344e-06,NA,NA,NA,NA,NA,NA
"ENSG00000239571.1",10.9928764451919,4.42140091805468,1.0845159536416,2.76817107788318e-06,0.000375162676628023,NA,NA,NA,NA,NA,NA
"ENSG00000253703.1",9.18874997623765,4.41301408215121,1.18196189488374,5.29782187903365e-06,0.00068086145321236,NA,NA,NA,NA,NA,NA
"ENSG00000211598.2",3285.17910389078,4.33066351734911,0.864553811897075,1.66100055220485e-07,2.91319955673763e-05,NA,NA,NA,NA,NA,NA
"ENSG00000211658.2",164.643081036076,4.32116365631143,1.84181915147112,3.87802292300537e-05,0.00394972084750231,NA,NA,NA,NA,NA,NA
"ENSG00000270999.1",17.5111215324733,4.30082683795863,1.01792304465713,2.04822363492123e-06,0.000288065263673639,NA,NA,NA,NA,NA,NA
"ENSG00000211962.2",827.046373060426,4.28195735828182,1.02453503964561,2.27834427583359e-06,0.000317435107141375,NA,NA,NA,NA,NA,NA
"ENSG00000253998.2",86.6157427267276,4.2560358358491,1.46924853963005,1.90151799178482e-05,0.00211550971802448,NA,NA,NA,NA,NA,NA
"ENSG00000211633.2",7.26129729172455,4.22247637879911,1.1190095175716,5.09919129489397e-06,0.000658170942201552,NA,NA,NA,NA,NA,NA
"ENSG00000233999.3",12.3186069376803,4.19023269282486,1.03544953651595,3.06394497701379e-06,0.000413369155812865,NA,NA,NA,NA,NA,NA
"ENSG00000128438.6",471.781687554312,4.16641648646711,1.00477754754182,2.49465833336924e-06,0.000344355244758043,NA,NA,NA,NA,NA,NA
"ENSG00000271375.1",5.60858248139019,4.15414628561384,1.13979830443752,6.40582503954866e-06,0.000799146775645117,NA,NA,NA,NA,NA,NA
"ENSG00000211677.2",1209.76662007014,4.13878395983888,0.626012383347864,1.69570369228533e-11,5.87896526618367e-09,NA,NA,NA,NA,NA,NA
"ENSG00000253202.1",6.75674670643602,4.13131797734509,1.45055097583003,2.07038810323729e-05,0.00227788530207096,NA,NA,NA,NA,NA,NA
"ENSG00000270467.1",5.29258991755692,4.11301317108583,1.21989325395688,9.88821904197699e-06,0.00116994896410947,NA,NA,NA,NA,NA,NA
"ENSG00000265714.1",12.3265820686376,4.11217346551115,2.26423423763184,8.08813521704489e-05,0.00730775271610334,NA,NA,NA,NA,NA,NA
"ENSG00000253120.1",3.97255525625201,4.11147514366618,1.27672997277355,1.23568625449999e-05,0.00142803183582061,NA,NA,NA,NA,NA,NA
"ENSG00000211659.2",815.831092341025,4.08853018306415,0.921708090019302,1.26130571788403e-06,0.000187099956638956,NA,NA,NA,NA,NA,NA
"ENSG00000232613.2",16.3413926968657,4.07461355132959,1.16156106136467,8.05878912472185e-06,0.000976751449360596,NA,NA,NA,NA,NA,NA
"ENSG00000026751.12",883.672494339605,4.04866863987708,0.521559363606556,3.87550914928291e-15,3.61100564984435e-12,"SLAMF7","57823","GO:0002250",NA,"Q9NQ25",NA
"ENSG00000211899.3",8162.73785911487,4.04133619763561,0.608383898682043,1.41450430438011e-11,5.10549763307401e-09,NA,NA,NA,NA,NA,NA
"ENSG00000204277.1",12.7572149391979,4.01204844559294,0.916815096975892,1.49069094623661e-06,0.000215759423558208,"LINC01993","100996291",NA,NA,NA,NA
"ENSG00000230481.2",5.37009287539106,3.91552582702829,1.90529399358888,6.18791209284319e-05,0.00587575754650359,NA,NA,NA,NA,NA,NA
"ENSG00000259680.4",4.05657555105943,3.81536869960587,1.53101874923107,3.47816868792415e-05,0.00357603715859125,NA,NA,NA,NA,NA,NA
"ENSG00000211918.1",4.33876196287263,3.80503493050988,1.2518741798769,1.64526674860242e-05,0.00185114239155962,NA,NA,NA,NA,NA,NA
"ENSG00000253497.1",99.6980110983613,3.76382293206407,1.49681668315967,3.39075356434033e-05,0.00352260307576207,NA,NA,NA,NA,NA,NA
"ENSG00000240505.4",219.960568671069,3.74264732859808,1.07056393834335,8.42548995138351e-06,0.00101296132415504,"TNFRSF13B","23495","GO:0002250","04060","O14836",NA
"ENSG00000255733.1",75.909591933884,3.73334059525209,0.720435967879176,8.88332152620816e-08,1.6658183309775e-05,"IFNG-AS1","100885789",NA,NA,NA,NA
"ENSG00000233732.5",4.15366352220864,3.70466594954427,1.80719170545478,6.45326698655788e-05,0.00606973528300346,NA,NA,NA,NA,NA,NA
"ENSG00000159958.3",182.77118078476,3.69170316889741,0.733339408906887,1.74003050632176e-07,3.0339619635374e-05,"TNFRSF13C","115650","GO:0001782","04060","Q5H8V1",NA
"ENSG00000254167.1",6.09885866531089,3.62957293523305,1.81384612663092,6.98277489905843e-05,0.00654712001227441,NA,NA,NA,NA,NA,NA
"ENSG00000169245.4",303.305332327175,3.56097674335123,0.623739367851086,5.70067060217798e-09,1.25956875960264e-06,"CXCL10","3627","GO:0005102","04060","A0A024RDA4",NA
"ENSG00000253701.1",87.1726820771739,3.5602723178621,0.916756350925929,4.4077164627546e-06,0.000578944819618903,NA,NA,NA,NA,NA,NA
"ENSG00000211656.2",3.61011285558927,3.542502247175,1.40684670472057,3.42388038698047e-05,0.00354466727841006,NA,NA,NA,NA,NA,NA
"ENSG00000261834.2",2.84988421671464,3.53132651679824,1.8052974813577,7.53677020600856e-05,0.00689313927798623,NA,NA,NA,NA,NA,NA
"ENSG00000122224.13",538.349509484541,3.52846177650983,0.567427759524522,2.6203640937471e-10,7.03862845217689e-08,"LY9","4063","GO:0003674",NA,"A0A0C4DFU4",NA
"ENSG00000211978.2",19.0799667570087,3.52531648612227,1.51664461582153,4.47987446418016e-05,0.00441658771046829,NA,NA,NA,NA,NA,NA
"ENSG00000167476.6",125.173286720834,3.51593764156612,0.644885035267308,2.39480050528674e-08,4.76022479104196e-06,"JSRP1","126306","GO:0003009",NA,"Q96MG2",NA
"ENSG00000211654.2",33.7327163850143,3.48026926882686,2.39353780074484,0.000157525595484517,0.0128303454599299,NA,NA,NA,NA,NA,NA
"ENSG00000035720.3",183.032001406157,3.45009693148389,0.951256915350085,6.85233659755405e-06,0.000851288616636131,"STAP1","26228","GO:0001784",NA,"A0A024RD91",NA
"ENSG00000116748.15",63.855231370894,3.44587004514378,0.766946456011701,1.15109384885521e-06,0.000172467408027472,"AMPD1","270","GO:0005829","00230","P23109","3.5.4.6"
"ENSG00000138755.5",1752.36997063028,3.42353885973137,0.515640162183225,1.69417492325135e-11,5.87896526618367e-09,"CXCL9","4283","GO:0005125","04060","Q07325",NA
"ENSG00000226025.5",86.8429825920688,3.42082030481991,0.845136643574806,3.22138231666973e-06,0.000430711816833295,"LGALS17A","400696",NA,NA,NA,NA
"ENSG00000211734.3",24.5956795058003,3.39822054325706,1.05747464143676,1.29090748385657e-05,0.00148037298225644,NA,NA,NA,NA,NA,NA
"ENSG00000230006.3",916.177382943086,3.3766484430412,0.609701561746795,1.54721953079481e-08,3.13822432178082e-06,"ANKRD36BP2","645784",NA,NA,NA,NA
"ENSG00000048462.6",119.545376423056,3.34327555565973,0.659114263591343,1.55510917260031e-07,2.77150403510231e-05,"TNFRSF17","608","GO:0002250","04060","Q02223",NA
"ENSG00000168081.4",73.1191746973907,3.28712976504581,0.686551402911817,4.69932821429945e-07,7.61495489334524e-05,"PNOC","5368","GO:0001515",NA,"Q13519",NA
"ENSG00000088340.11",1370.56792151944,3.26666254117019,0.482201761528195,6.94033690213035e-12,2.68744266329764e-09,"FER1L4","80307","GO:0016021",NA,NA,NA
"ENSG00000270505.1",62.3179735908107,3.25790227002989,0.699720243052309,7.21718242313875e-07,0.000112663618391783,NA,NA,NA,NA,NA,NA
"ENSG00000253240.1",2.37796754697889,3.22084174074472,1.70369915622922,8.52476324846565e-05,0.00763286309358114,NA,NA,NA,NA,NA,NA
"ENSG00000242580.1",50.5929407894657,3.21543891561129,1.77036625553399,9.55230668008613e-05,0.00844345382372887,NA,NA,NA,NA,NA,NA
"ENSG00000211911.1",10.1803286144857,3.1493128616186,1.73450912625534,9.59706253262979e-05,0.00844345382372887,NA,NA,NA,NA,NA,NA
"ENSG00000132704.11",681.217781756573,3.11332742391314,1.18779630283093,2.9412827068977e-05,0.00312089982878512,"FCRL2","79368","GO:0005070",NA,"B4DVJ9",NA
"ENSG00000211645.2",21.602949233579,3.07849335844916,0.994052896584074,1.49239726443244e-05,0.00169191318769269,NA,NA,NA,NA,NA,NA
"ENSG00000187323.7",9.54691810340025,3.0748339076348,0.823912859246577,5.59262032581229e-06,0.000712604989890681,"DCC","1630","GO:0001764","04360","P43146",NA
"ENSG00000251254.1",2.57158294691367,3.05208506412352,1.13678665196793,2.67305244026351e-05,0.00284641898424632,NA,NA,NA,NA,NA,NA
"ENSG00000237988.2",66.1459896204719,3.03510754040005,1.01485168600517,1.72912475159101e-05,0.00193311890900484,NA,NA,NA,NA,NA,NA
"ENSG00000156738.13",5249.00660756354,3.02567347328803,0.921833783769985,1.12982031571684e-05,0.0013210479424868,"MS4A1","931","GO:0002115","04640","A0A024R507",NA
"ENSG00000135925.4",103.148521666159,3.01633377489449,0.599758634501255,1.91456655699369e-07,3.31887886414673e-05,"WNT10A","80326","GO:0001942","04310","Q9GZT5",NA
"ENSG00000260655.1",359.300462167859,2.99716736914568,0.853208243568643,7.90901078744933e-06,0.000966055466337079,NA,NA,NA,NA,NA,NA
"ENSG00000050730.11",18.7278178717029,2.99133836332374,0.948653100930188,1.35945438757037e-05,0.0015470798480839,"TNIP3","79931","GO:0002756",NA,"Q96KP6",NA
"ENSG00000211665.2",62.1883302336067,2.97069309067484,1.42443717936405,6.33012607074995e-05,0.00599171552144382,NA,NA,NA,NA,NA,NA
"ENSG00000253359.1",3.79277526404699,2.97045362447677,1.93013074346005,0.000151900692541989,0.0124425028814064,NA,NA,NA,NA,NA,NA
"ENSG00000169248.8",66.8834865184528,2.96074679176348,0.992633092247718,1.73109320064493e-05,0.00193311890900484,"CXCL11","6373","GO:0005515","04060","O14625",NA
"ENSG00000211936.2",538.400465317637,2.92676441764682,1.71677645482876,0.000115378035827292,0.00981164792422705,NA,NA,NA,NA,NA,NA
"ENSG00000253451.1",2.6578977743579,2.90486899157376,2.19483559345857,0.000221182516730881,0.0170849168882071,NA,NA,NA,NA,NA,NA
"ENSG00000169861.8",8.1846501739425,2.88831369625784,1.99346808514434,0.000178539242463605,0.0140828731568647,NA,NA,NA,NA,NA,NA
"ENSG00000181847.7",489.037639532463,2.82889150169926,0.482332150806806,2.62886332663181e-09,6.07613867805071e-07,"TIGIT","201633","GO:0005102",NA,"Q495A1",NA
"ENSG00000257221.1",13.4093166209199,2.81128418806083,1.29336507892698,5.45863224835168e-05,0.00528423958171603,NA,NA,NA,NA,NA,NA
"ENSG00000211752.3",23.2276698688116,2.80419280298456,0.76378699410468,5.90869473471112e-06,0.000749675073234667,NA,NA,NA,NA,NA,NA
"ENSG00000186891.9",202.902580154481,2.79970459585972,0.493161750047094,7.85926377359776e-09,1.68584035016972e-06,"TNFRSF18","8784","GO:0002687","04060","Q9Y5U5",NA
"ENSG00000130487.4",175.821705045011,2.77428669216308,0.70587953740595,3.7412119371407e-06,0.000493575111140651,"KLHDC7B","113730",NA,NA,"Q96G42",NA
"ENSG00000225544.1",3.94830524768945,2.76677367873799,1.53868513955097,9.83989955860383e-05,0.00857855103038982,NA,NA,NA,NA,NA,NA
"ENSG00000137265.10",1138.7927719361,2.74178044759683,0.666897719240067,2.62249626360666e-06,0.00035704268765158,"IRF4","3662","GO:0000788",NA,"Q15306",NA
"ENSG00000126583.6",26.4306843405282,2.70769776341796,0.773411476141591,7.59936459643554e-06,0.000936485875533474,"PRKCG","5582","GO:0004672","04010","B2R5T1","2.7.11.13"
"ENSG00000124256.10",425.453904083161,2.70302434626657,0.550101622279006,2.98372561039363e-07,4.96998674857523e-05,"ZBP1","81030","GO:0003677","04623","Q9H171",NA
"ENSG00000244620.1",10.3933340718755,2.69236710546256,1.68150335898724,0.000137363976309313,0.0114937051452598,NA,NA,NA,NA,NA,NA
"ENSG00000121895.7",215.701384114907,2.67309698371718,0.576169013966471,7.26399293172073e-07,0.00011280375690218,"TMEM156","80008","GO:0016021",NA,"Q8N614",NA
"ENSG00000253691.2",4.58685258803006,2.66709037883939,2.26219627518777,0.000298535009381512,0.0213969226916326,NA,NA,NA,NA,NA,NA
"ENSG00000273445.1",39.0003286285786,2.66684471173404,0.963668053756186,2.2269521295562e-05,0.00244113252554587,NA,NA,NA,NA,NA,NA
"ENSG00000211804.2",7.24999048904688,2.66260573686529,1.44551315339979,9.06264491732088e-05,0.00806602450312953,NA,NA,NA,NA,NA,NA
"ENSG00000102096.9",2514.51180684087,2.6518649095285,0.448029349115038,1.96100974283488e-09,4.71527955583587e-07,"PIM2","11040","GO:0000082","05221","A0A024QYW7","2.7.11.1"
"ENSG00000237513.1",65.7857265529612,2.63994764012965,0.730865372782416,6.24885403890533e-06,0.000782839630352947,NA,NA,NA,NA,NA,NA
"ENSG00000160856.16",828.742627974518,2.6282082458162,0.957582650398668,2.27950667823488e-05,0.00248958868565022,"FCRL3","115352","GO:0002638",NA,"Q96P31",NA
"ENSG00000178562.13",353.153163972876,2.61111108509494,0.559736736660536,6.66978290646709e-07,0.000105220236581599,"CD28","940","GO:0001772","04514","B4E0L1",NA
"ENSG00000122188.8",256.112825674874,2.58036198190139,0.591067430466268,1.45153151861041e-06,0.000211116408579942,"LAX1","54900","GO:0000188",NA,"Q8IWV1",NA
"ENSG00000233988.1",3.4183933342477,2.57173450733203,1.63486132978325,0.000143589820338559,0.0118924280089291,NA,NA,NA,NA,NA,NA
"ENSG00000253386.1",4.95184668147122,2.53504833520788,2.30417866689182,0.000354924109164069,0.024271599171642,NA,NA,NA,NA,NA,NA
"ENSG00000170689.8",3.81176421478212,2.52560236043738,1.98165251301128,0.000253838946367252,0.0189685765034737,"HOXB9","3219","GO:0000977",NA,"B3KPJ1",NA
"ENSG00000078589.8",186.945580623771,2.51340618778075,0.640077670979839,3.50167596964917e-06,0.000464026536493599,"P2RY10","27334","GO:0005886","04080","O00398",NA
"ENSG00000163519.9",126.715223243567,2.48785693792661,0.496927999989901,2.06565880621453e-07,3.51941045520528e-05,"TRAT1","50852","GO:0001920",NA,"C9JF66",NA
"ENSG00000090104.7",4856.91635179022,2.45073407934038,0.616116201068276,3.11761873284662e-06,0.000418715856479977,"RGS1","5996","GO:0001965",NA,"A0A024R945",NA
"ENSG00000183918.10",263.088727397599,2.41753932175483,0.481819355915389,1.9626824586186e-07,3.38262082000995e-05,"SH2D1A","4068","GO:0002250","04650","O60880",NA
"ENSG00000211924.1",6.49993731746309,2.40100682289636,2.04615892140056,0.000314241253462612,0.0222299769165946,NA,NA,NA,NA,NA,NA
"ENSG00000113088.5",238.567358807506,2.39708780710736,0.479536916354348,2.10213677255339e-07,3.5612107960484e-05,"GZMK","3003","GO:0004252",NA,"P49863",NA
"ENSG00000168421.8",590.680545489605,2.33608142716361,0.549467896407167,1.72614519029288e-06,0.000247436274008521,"RHOH","399","GO:0001772","04670","Q15669",NA
"ENSG00000232747.2",2.55901429514885,2.32699813710716,2.01456255100556,0.000328543217113907,0.0230490460269841,NA,NA,NA,NA,NA,NA
"ENSG00000128322.6",6.63350603566735,2.32666735732308,0.938032141820626,3.06520900355779e-05,0.00321803773415771,"IGLL1","3543","GO:0005576","05340","P15814",NA
"ENSG00000177455.7",1168.58633066772,2.32108521472396,1.04051921822132,4.4882817154276e-05,0.00441658771046829,"CD19","930","GO:0001923","04640","P15391",NA
"ENSG00000232884.3",17.2316479535312,2.29201720305935,1.27971772293431,9.25742076650009e-05,0.00821485885636805,NA,NA,NA,NA,NA,NA
"ENSG00000086967.9",129.419617569332,2.24952795115807,0.907066657203131,2.97750152559294e-05,0.00314812714493189,"MYBPC2","4606","GO:0005515",NA,"A0A140VJQ0",NA
"ENSG00000163599.10",395.710626338919,2.22852748702112,0.813758820086432,2.00381794128506e-05,0.00221280873101316,"CTLA4","1493","GO:0002250","04514","P16410",NA
"ENSG00000123843.8",6.21001740584512,2.21019678967322,1.06583383425047,5.56352256066032e-05,0.00536834914785269,"C4BPB","725","GO:0005515","04610","P20851",NA
"ENSG00000185155.7",26.1465060072773,2.18873425126024,1.13850169698576,7.13081713485791e-05,0.00662344061348671,"MIXL1","83881","GO:0000790",NA,"Q9H2W2",NA
"ENSG00000151790.4",30.2895981412012,2.18572221478919,1.47380225792764,0.000162425690106224,0.0130888766924518,"TDO2","6999","GO:0004833","00380","P48775","1.13.11.11"
"ENSG00000197057.4",170.029323745308,2.18545679452236,0.590041068649936,4.46776829401652e-06,0.000584258681817529,"DTHD1","401124","GO:0007165",NA,"Q6ZMT9",NA
"ENSG00000110448.6",466.111199503485,2.17931828144342,0.487201090756126,9.68887633044275e-07,0.000148145403419734,"CD5","921","GO:0004888","04640","P06127",NA
"ENSG00000083454.17",1023.01483219761,2.16422506656229,0.852290324921106,2.62232492441906e-05,0.00280241003392397,"P2RX5","5026","GO:0001614","04020","Q93086",NA
"ENSG00000253578.1",4.05174571974644,2.15841328248303,2.01348633418319,0.000399219758707224,0.0264565149227567,NA,NA,NA,NA,NA,NA
"ENSG00000198502.5",3188.87835739195,2.13827130619051,0.63735061197939,7.60093848534681e-06,0.000936485875533474,"HLA-DRB5","3127","GO:0000139","04145","Q30154",NA
"ENSG00000249096.2",155.267247299352,2.13295921513742,0.841537910782453,2.60213723406527e-05,0.00279083898456439,"LINC02362","102723766",NA,NA,NA,NA
"ENSG00000227191.2",191.211514340822,2.12107151651331,0.660071379307156,9.34274805316118e-06,0.00111872841748214,NA,NA,NA,NA,NA,NA
"ENSG00000158050.4",1397.39821344259,2.11413065304451,0.917945648451458,3.69306712139448e-05,0.00378393433991401,"DUSP2","1844","GO:0004725","04010","Q05923","3.1.3.48"
"ENSG00000225783.2",2480.18885395235,2.10574174777782,0.581692260209408,4.89710651449104e-06,0.000634835338417674,"MIAT","440823","GO:0001708",NA,NA,NA
"ENSG00000183813.6",152.565443738519,2.08801208395183,1.11177051926716,7.43778893670531e-05,0.00684460231286436,"CCR4","1233","GO:0001764","04060","A0N0Q1",NA
"ENSG00000137634.5",4.93715180620564,2.07855913224067,1.45560649337655,0.000178113250673792,0.0140828731568647,"NXPE4","54827","GO:0003674",NA,"Q6UWF7",NA
"ENSG00000108405.3",285.23479270637,2.06232535559637,0.480803781164659,1.38083732024425e-06,0.000202813032218732,"P2RX1","5023","GO:0001614","04020","P51575",NA
"ENSG00000253461.1",3.40426726773875,2.0430332505202,2.01039830124375,0.000458349331320719,0.0293080378288107,NA,NA,NA,NA,NA,NA
"ENSG00000167077.8",446.139600755745,2.02648711756717,0.442892414181495,6.88763979820526e-07,0.000108085193801731,"MEI1","150365","GO:0005623",NA,"Q4G0I1",NA
"ENSG00000229023.1",3.03690696241937,2.01901731593184,1.65588064760326,0.000281459892129794,0.0205183573196625,NA,NA,NA,NA,NA,NA
"ENSG00000091181.15",21.2107659096789,2.01574085737031,1.17263687139973,9.70851644822024e-05,0.00848883068680747,"IL5RA","3568","GO:0000165","04060","A0A024R2C8",NA
"ENSG00000154451.10",905.881860470932,1.99650930749903,0.57926172933122,6.01082482822206e-06,0.00075940149609436,"GBP5","115362","GO:0000139",NA,"Q96PP8",NA
"ENSG00000163564.10",490.905110555215,1.97904312187299,0.657489635781162,1.16116270830974e-05,0.00135239169183449,"PYHIN1","149628","GO:0002218",NA,"Q6K0P9",NA
"ENSG00000153789.8",10.4199130478705,1.97273965224284,0.94506222318629,4.91139251573714e-05,0.00480124849997438,"FAM92B","339145","GO:0005515",NA,"A0A1X7SC74",NA
"ENSG00000187990.4",200.920570803931,1.96597442914624,1.49285645448861,0.000221999131043784,0.0171036849901846,NA,NA,NA,NA,NA,NA
"ENSG00000089012.10",246.218094320884,1.96536762324048,0.667682980257212,1.27179626055855e-05,0.00146408792682679,"SIRPG","55423","GO:0005515","04380","Q9P1W8",NA
"ENSG00000174255.5",122.676851895393,1.95530526016045,1.14173134356739,9.59998271479771e-05,0.00844345382372887,"ZNF80","7634","GO:0000981",NA,"P51504",NA
"ENSG00000156886.11",36.3569145485116,1.93859496298641,0.993045583856795,6.10846084776275e-05,0.00581884564335125,"ITGAD","3681","GO:0005886","04810","Q13349",NA
"ENSG00000129204.12",408.140891915478,1.93727317075278,0.905244837398623,4.40929135252531e-05,0.0043721943023994,"USP6","9098","GO:0003676",NA,"P35125",NA
"ENSG00000267349.1",4.22761896097109,1.93452969704835,1.42047959064546,0.000198747225471352,0.0155943349332996,NA,NA,NA,NA,NA,NA
"ENSG00000140465.9",183.757955323848,1.92118390677166,1.26274132762531,0.000139500071014399,0.0116182517244841,"CYP1A1","1543","GO:0001666","00140","A0N0X8","1.14.14.1"
"ENSG00000147168.8",1481.55569667407,1.91776136510718,0.482596724037216,2.31691766238965e-06,0.000321307986147953,"IL2RG","3561","GO:0000165","04060","P31785",NA
"ENSG00000172578.7",1314.67446333639,1.91213460375492,0.681356901846967,1.50846939588514e-05,0.00170365619347392,"KLHL6","89857","GO:0002467",NA,"Q8WZ60",NA
"ENSG00000241657.1",8.73806051307304,1.87938819423103,1.53846961805183,0.000273040510059737,0.0201509303166859,NA,NA,NA,NA,NA,NA
"ENSG00000145649.7",265.036806363709,1.86346605913349,0.495861089458246,3.23637326746517e-06,0.000430784398851525,"GZMA","3001","GO:0001772","04080","P12544","3.4.21.78"
"ENSG00000181143.11",308.370183319186,1.85519206121586,0.940363973891639,5.63220235057558e-05,0.00541708855757295,"MUC16","94025","GO:0002223",NA,"B3KY81",NA
"ENSG00000177272.7",217.984757541846,1.84798857167572,0.798373947519592,3.12356757955876e-05,0.00326779968253067,"KCNA3","3738","GO:0005244",NA,"P22001",NA
"ENSG00000211898.3",791.272013376808,1.8456351083196,1.42533081582559,0.00022664900534056,0.0173721510108846,NA,NA,NA,NA,NA,NA
"ENSG00000255760.1",82.8038060284981,1.83259862755584,1.51060406280201,0.000275817472645779,0.0202556004049423,"LINC02422","105369723",NA,NA,NA,NA
"ENSG00000211657.2",1.48724180750569,1.79147327890811,2.0541116286291,0.000672985920900434,0.0391909144874362,NA,NA,NA,NA,NA,NA
"ENSG00000260135.2",7.58410854287307,1.77854659536114,1.51657270805367,0.000301613052788386,0.0215656949207159,NA,NA,NA,NA,NA,NA
"ENSG00000147138.1",203.525519352228,1.77259951558247,1.06374231672798,9.67369192373987e-05,0.00848325877641847,"GPR174","84636","GO:0043029",NA,"Q9BXC1",NA
"ENSG00000104826.7",9.97125759285057,1.76426678538409,0.628566279971975,1.3370216950836e-05,0.00152738079925719,"LHB","3972","GO:0005102","04080","A0A0F7RQE6",NA
"ENSG00000213886.3",36.2978096688596,1.74961768424336,1.38443910127597,0.000237432158927076,0.0178769627539639,"UBD","10537","GO:0001650",NA,"A0A1U9X8S6",NA
"ENSG00000268460.1",12.7634585387355,1.71692854799488,1.45673386106285,0.000292182039242817,0.021093703830663,"LOC93429","93429",NA,NA,NA,NA
"ENSG00000237592.2",2.02770746784969,1.67635684769938,1.94015049287914,0.000696559266605707,0.0401713947642471,NA,NA,NA,NA,NA,NA
"ENSG00000260048.2",2.13644112015794,1.66728258478854,1.9340954118151,0.000700885161169491,0.0403428416321033,NA,NA,NA,NA,NA,NA
"ENSG00000272211.1",44.5373972129667,1.66029468313196,0.736704040772462,2.99466245518047e-05,0.00315508324253219,NA,NA,NA,NA,NA,NA
"ENSG00000215785.2",1.62501784767983,1.64567984254242,1.53153839875042,0.000380182840189312,0.025473104636145,NA,NA,NA,NA,NA,NA
"ENSG00000260978.1",2.40060776185145,1.64537216622943,1.83794524798923,0.000637744969495148,0.0379390055985096,NA,NA,NA,NA,NA,NA
"ENSG00000235532.1",63.928997085062,1.63883124161867,1.39962370570254,0.000290997532765067,0.0210591806721438,"LINC00402","100507612",NA,NA,NA,NA
"ENSG00000211626.2",2.1768922101181,1.61709302028553,1.90855249170266,0.000733235076727444,0.041863389365959,NA,NA,NA,NA,NA,NA
"ENSG00000256948.1",4.00990404084982,1.59466113003782,1.58997019764802,0.000461661064821233,0.0293494377584433,NA,NA,NA,NA,NA,NA
"ENSG00000115165.5",1017.38506389526,1.58796984805881,0.686038469830126,2.51675190396556e-05,0.00272870817340498,"CYTIP","9595","GO:0005515",NA,"O60759",NA
"ENSG00000211647.1",8.85207537378946,1.56944783551518,1.7842392589307,0.000666171984696381,0.0389554917338284,NA,NA,NA,NA,NA,NA
"ENSG00000113494.12",44.362386199258,1.56684428631572,0.911391338151108,7.62623664589039e-05,0.00695363522427731,"PRLR","5618","GO:0004925","04060","P16471",NA
"ENSG00000196735.7",2363.32106709579,1.56215770633865,0.784565930366104,4.41383983439166e-05,0.0043721943023994,"HLA-DQA1","3117","GO:0000139","04145","A0A173ADG5",NA
"ENSG00000079263.14",589.212021618432,1.5574578034234,0.799864276244647,4.78238615942582e-05,0.0046905140042579,"SP140","11262","GO:0001650",NA,"B4DVW8",NA
"ENSG00000109684.10",109.966405927598,1.55331923955491,1.04971021606282,0.000128507427236819,0.0107931759168816,"CLNK","116449","GO:0005070",NA,"Q7Z7G1",NA
"ENSG00000117322.12",774.213411793648,1.54730042307685,1.24449546492487,0.000231127677879898,0.0175798541930282,"CR2","1380","GO:0001618","04610","P20023",NA
"ENSG00000254329.1",1.56345617523037,1.54427220420662,1.88860365533099,0.000803175204450802,0.0445883889514904,NA,NA,NA,NA,NA,NA
"ENSG00000165066.11",15.9651194517347,1.53703127524399,1.64390328733298,0.00056027722143616,0.0341866308496178,"NKX6-3","157848","GO:0000981",NA,"A6NJ46",NA
"ENSG00000234965.1",11.9380721566583,1.53488101794051,1.75765437349672,0.000677801944631489,0.0393944303725779,"SHISA8","440829",NA,NA,"A0A087WXQ4",NA
"ENSG00000240535.4",4.8146286302211,1.5198347728241,1.60486826078096,0.000538150846409324,0.033083516776372,NA,NA,NA,NA,NA,NA
"ENSG00000113263.8",1018.96548279222,1.5134639980445,0.768254444947493,4.39350876406514e-05,0.0043721943023994,"ITK","3702","GO:0001816","04062","Q08881","2.7.10.2"
"ENSG00000109943.4",75.4044727625793,1.50038662140625,0.870553078881956,7.17239604134715e-05,0.00664137144002505,"CRTAM","56253","GO:0002355",NA,"O95727",NA
"ENSG00000121742.11",145.677250231593,-2.03137942727512,0.865223901697762,3.30348214413482e-05,0.00344393788844489,"GJB6","10804","GO:0005829",NA,"A0A024RDS4",NA
"ENSG00000188000.2",17.5783913554383,-2.94421330620685,1.09045457952192,2.58257624285785e-05,0.00277985896234837,"OR7D2","162998","GO:0004930","04740","Q96RA2",NA
